MAPPING/ALIGNING SUMMARY,,Total input reads,2036539981,100.00
MAPPING/ALIGNING SUMMARY,,Number of duplicate marked reads,259039184,12.72
MAPPING/ALIGNING SUMMARY,,Number of duplicate marked and mate reads removed,NA
MAPPING/ALIGNING SUMMARY,,Number of unique reads (excl. duplicate marked reads),1777500797,87.28
MAPPING/ALIGNING SUMMARY,,Reads with mate sequenced,2036539981,100.00
MAPPING/ALIGNING SUMMARY,,Reads without mate sequenced,0,0.00
MAPPING/ALIGNING SUMMARY,,QC-failed reads,25563,0.00
MAPPING/ALIGNING SUMMARY,,Mapped reads,2025114419,99.44
MAPPING/ALIGNING SUMMARY,,Mapped reads adjusted for filtered mapping,2025114419,99.44
MAPPING/ALIGNING SUMMARY,,Mapped reads R1,1015092359,99.69
MAPPING/ALIGNING SUMMARY,,Mapped reads R2,1010022060,99.19
MAPPING/ALIGNING SUMMARY,,Number of unique & mapped reads (excl. duplicate marked reads),1766075235,86.72
MAPPING/ALIGNING SUMMARY,,Unmapped reads,11425562,0.56
MAPPING/ALIGNING SUMMARY,,Unmapped reads adjusted for filtered mapping,11425562,0.56
MAPPING/ALIGNING SUMMARY,,Adjustment of reads matching non-reference decoys,0,0.00
MAPPING/ALIGNING SUMMARY,,Adjustment of reads matching filter contigs,NA
MAPPING/ALIGNING SUMMARY,,Singleton reads (itself mapped; mate unmapped),6593315,0.32
MAPPING/ALIGNING SUMMARY,,Paired reads (itself & mate mapped),2018521104,99.12
MAPPING/ALIGNING SUMMARY,,Properly paired reads,2003720498,98.39
MAPPING/ALIGNING SUMMARY,,Not properly paired reads (discordant),14800606,0.73
MAPPING/ALIGNING SUMMARY,,Paired reads mapped to different chromosomes,7504112,0.37
MAPPING/ALIGNING SUMMARY,,Paired reads mapped to different chromosomes (MAPQ>=10),2430975,0.12
MAPPING/ALIGNING SUMMARY,,Reads with MAPQ [40:inf),1865460345,91.60
MAPPING/ALIGNING SUMMARY,,Reads with MAPQ [30:40),8034866,0.39
MAPPING/ALIGNING SUMMARY,,Reads with MAPQ [20:30),17159007,0.84
MAPPING/ALIGNING SUMMARY,,Reads with MAPQ [10:20),22724358,1.12
MAPPING/ALIGNING SUMMARY,,Reads with MAPQ [ 0:10),111735843,5.49
MAPPING/ALIGNING SUMMARY,,Reads with MAPQ NA (Unmapped reads),11425562,0.56
MAPPING/ALIGNING SUMMARY,,Reads with indel R1,35442346,3.49
MAPPING/ALIGNING SUMMARY,,Reads with indel R2,33680849,3.33
MAPPING/ALIGNING SUMMARY,,Reads with splice junction,NA
MAPPING/ALIGNING SUMMARY,,Total bases,300514907791
MAPPING/ALIGNING SUMMARY,,Total bases R1,150277797422
MAPPING/ALIGNING SUMMARY,,Total bases R2,150237110369
MAPPING/ALIGNING SUMMARY,,Mapped bases,298805089987
MAPPING/ALIGNING SUMMARY,,Mapped bases R1,149804435295
MAPPING/ALIGNING SUMMARY,,Mapped bases R2,149000654692
MAPPING/ALIGNING SUMMARY,,Soft-clipped bases,2502257392,0.84
MAPPING/ALIGNING SUMMARY,,Soft-clipped bases R1,949295873,0.63
MAPPING/ALIGNING SUMMARY,,Soft-clipped bases R2,1552961519,1.04
MAPPING/ALIGNING SUMMARY,,Hard-clipped bases,0,0.00
MAPPING/ALIGNING SUMMARY,,Hard-clipped bases R1,0,0.00
MAPPING/ALIGNING SUMMARY,,Hard-clipped bases R2,0,0.00
MAPPING/ALIGNING SUMMARY,,Mismatched bases R1,744749955,0.50
MAPPING/ALIGNING SUMMARY,,Mismatched bases R2,802651030,0.54
MAPPING/ALIGNING SUMMARY,,Mismatched bases R1 (excl. indels),626900689,0.42
MAPPING/ALIGNING SUMMARY,,Mismatched bases R2 (excl. indels),692078356,0.46
MAPPING/ALIGNING SUMMARY,,Q30 bases,282414742040,93.98
MAPPING/ALIGNING SUMMARY,,Q30 bases R1,142069959529,94.54
MAPPING/ALIGNING SUMMARY,,Q30 bases R2,140344782511,93.42
MAPPING/ALIGNING SUMMARY,,Q30 bases (excl. dups & clipped bases),246478685912
MAPPING/ALIGNING SUMMARY,,Total alignments,2027595073
MAPPING/ALIGNING SUMMARY,,Secondary alignments,0
MAPPING/ALIGNING SUMMARY,,Supplementary (chimeric) alignments,2480654
MAPPING/ALIGNING SUMMARY,,Estimated read length,147.56
MAPPING/ALIGNING SUMMARY,,Bases in reference genome,3217346917
MAPPING/ALIGNING SUMMARY,,Bases in target bed [% of genome],NA
MAPPING/ALIGNING SUMMARY,,Insert length: mean,288.00
MAPPING/ALIGNING SUMMARY,,Insert length: median,286.00
MAPPING/ALIGNING SUMMARY,,Insert length: standard deviation,32.08
MAPPING/ALIGNING SUMMARY,,Provided sex chromosome ploidy,XX
MAPPING/ALIGNING SUMMARY,,Estimated sample contamination,NA
MAPPING/ALIGNING SUMMARY,,Estimated sample contamination standard error,NA
MAPPING/ALIGNING SUMMARY,,DRAGEN mapping rate [mil. reads/second],1.85
MAPPING/ALIGNING PER RG,TAATGTGTCT.TATGCCTTAC.3,Total reads in RG,128159506,100.00
MAPPING/ALIGNING PER RG,TAATGTGTCT.TATGCCTTAC.3,Number of duplicate marked reads,19463489,15.19
MAPPING/ALIGNING PER RG,TAATGTGTCT.TATGCCTTAC.3,Number of duplicate marked and mate reads removed,NA
MAPPING/ALIGNING PER RG,TAATGTGTCT.TATGCCTTAC.3,Number of unique reads (excl. duplicate marked reads),108696017,84.81
MAPPING/ALIGNING PER RG,TAATGTGTCT.TATGCCTTAC.3,Reads with mate sequenced,128159506,100.00
MAPPING/ALIGNING PER RG,TAATGTGTCT.TATGCCTTAC.3,Reads without mate sequenced,0,0.00
MAPPING/ALIGNING PER RG,TAATGTGTCT.TATGCCTTAC.3,QC-failed reads,1814,0.00
MAPPING/ALIGNING PER RG,TAATGTGTCT.TATGCCTTAC.3,Mapped reads,127550320,99.52
MAPPING/ALIGNING PER RG,TAATGTGTCT.TATGCCTTAC.3,Mapped reads adjusted for filtered mapping,127550320,99.52
MAPPING/ALIGNING PER RG,TAATGTGTCT.TATGCCTTAC.3,Mapped reads R1,64002176,99.88
MAPPING/ALIGNING PER RG,TAATGTGTCT.TATGCCTTAC.3,Mapped reads R2,63548144,99.17
MAPPING/ALIGNING PER RG,TAATGTGTCT.TATGCCTTAC.3,Number of unique & mapped reads (excl. duplicate marked reads),108086831,84.34
MAPPING/ALIGNING PER RG,TAATGTGTCT.TATGCCTTAC.3,Unmapped reads,609186,0.48
MAPPING/ALIGNING PER RG,TAATGTGTCT.TATGCCTTAC.3,Unmapped reads adjusted for filtered mapping,609186,0.48
MAPPING/ALIGNING PER RG,TAATGTGTCT.TATGCCTTAC.3,Adjustment of reads matching non-reference decoys,0,0.00
MAPPING/ALIGNING PER RG,TAATGTGTCT.TATGCCTTAC.3,Adjustment of reads matching filter contigs,NA
MAPPING/ALIGNING PER RG,TAATGTGTCT.TATGCCTTAC.3,Singleton reads (itself mapped; mate unmapped),507438,0.40
MAPPING/ALIGNING PER RG,TAATGTGTCT.TATGCCTTAC.3,Paired reads (itself & mate mapped),127042882,99.13
MAPPING/ALIGNING PER RG,TAATGTGTCT.TATGCCTTAC.3,Properly paired reads,126245890,98.51
MAPPING/ALIGNING PER RG,TAATGTGTCT.TATGCCTTAC.3,Not properly paired reads (discordant),796992,0.62
MAPPING/ALIGNING PER RG,TAATGTGTCT.TATGCCTTAC.3,Paired reads mapped to different chromosomes,452194,0.36
MAPPING/ALIGNING PER RG,TAATGTGTCT.TATGCCTTAC.3,Paired reads mapped to different chromosomes (MAPQ>=10),144343,0.11
MAPPING/ALIGNING PER RG,TAATGTGTCT.TATGCCTTAC.3,Reads with MAPQ [40:inf),117533242,91.71
MAPPING/ALIGNING PER RG,TAATGTGTCT.TATGCCTTAC.3,Reads with MAPQ [30:40),506439,0.40
MAPPING/ALIGNING PER RG,TAATGTGTCT.TATGCCTTAC.3,Reads with MAPQ [20:30),1073792,0.84
MAPPING/ALIGNING PER RG,TAATGTGTCT.TATGCCTTAC.3,Reads with MAPQ [10:20),1436494,1.12
MAPPING/ALIGNING PER RG,TAATGTGTCT.TATGCCTTAC.3,Reads with MAPQ [ 0:10),7000353,5.46
MAPPING/ALIGNING PER RG,TAATGTGTCT.TATGCCTTAC.3,Reads with MAPQ NA (Unmapped reads),609186,0.48
MAPPING/ALIGNING PER RG,TAATGTGTCT.TATGCCTTAC.3,Reads with indel R1,2233681,3.49
MAPPING/ALIGNING PER RG,TAATGTGTCT.TATGCCTTAC.3,Reads with indel R2,2134528,3.36
MAPPING/ALIGNING PER RG,TAATGTGTCT.TATGCCTTAC.3,Reads with splice junction,NA
MAPPING/ALIGNING PER RG,TAATGTGTCT.TATGCCTTAC.3,Total bases,18926358939
MAPPING/ALIGNING PER RG,TAATGTGTCT.TATGCCTTAC.3,Total bases R1,9465328315
MAPPING/ALIGNING PER RG,TAATGTGTCT.TATGCCTTAC.3,Total bases R2,9461030624
MAPPING/ALIGNING PER RG,TAATGTGTCT.TATGCCTTAC.3,Mapped bases,18835503695
MAPPING/ALIGNING PER RG,TAATGTGTCT.TATGCCTTAC.3,Mapped bases R1,9454054016
MAPPING/ALIGNING PER RG,TAATGTGTCT.TATGCCTTAC.3,Mapped bases R2,9381449679
MAPPING/ALIGNING PER RG,TAATGTGTCT.TATGCCTTAC.3,Soft-clipped bases,161147463,0.86
MAPPING/ALIGNING PER RG,TAATGTGTCT.TATGCCTTAC.3,Soft-clipped bases R1,59529763,0.63
MAPPING/ALIGNING PER RG,TAATGTGTCT.TATGCCTTAC.3,Soft-clipped bases R2,101617700,1.08
MAPPING/ALIGNING PER RG,TAATGTGTCT.TATGCCTTAC.3,Hard-clipped bases,0,0.00
MAPPING/ALIGNING PER RG,TAATGTGTCT.TATGCCTTAC.3,Hard-clipped bases R1,0,0.00
MAPPING/ALIGNING PER RG,TAATGTGTCT.TATGCCTTAC.3,Hard-clipped bases R2,0,0.00
MAPPING/ALIGNING PER RG,TAATGTGTCT.TATGCCTTAC.3,Mismatched bases R1,42935106,0.45
MAPPING/ALIGNING PER RG,TAATGTGTCT.TATGCCTTAC.3,Mismatched bases R2,46504413,0.50
MAPPING/ALIGNING PER RG,TAATGTGTCT.TATGCCTTAC.3,Mismatched bases R1 (excl. indels),35601494,0.38
MAPPING/ALIGNING PER RG,TAATGTGTCT.TATGCCTTAC.3,Mismatched bases R2 (excl. indels),39596524,0.42
MAPPING/ALIGNING PER RG,TAATGTGTCT.TATGCCTTAC.3,Q30 bases,17884210648,94.49
MAPPING/ALIGNING PER RG,TAATGTGTCT.TATGCCTTAC.3,Q30 bases R1,9043906280,95.55
MAPPING/ALIGNING PER RG,TAATGTGTCT.TATGCCTTAC.3,Q30 bases R2,8840304368,93.44
MAPPING/ALIGNING PER RG,TAATGTGTCT.TATGCCTTAC.3,Q30 bases (excl. dups & clipped bases),15150570541
MAPPING/ALIGNING PER RG,TAATGTGTCT.TATGCCTTAC.3,Total alignments,127769055
MAPPING/ALIGNING PER RG,TAATGTGTCT.TATGCCTTAC.3,Secondary alignments,0
MAPPING/ALIGNING PER RG,TAATGTGTCT.TATGCCTTAC.3,Supplementary (chimeric) alignments,218735
MAPPING/ALIGNING PER RG,TAATGTGTCT.TATGCCTTAC.3,Estimated read length,147.68
MAPPING/ALIGNING PER RG,TAATGTGTCT.TATGCCTTAC.3,Insert length: mean,293.78
MAPPING/ALIGNING PER RG,TAATGTGTCT.TATGCCTTAC.3,Insert length: median,290.00
MAPPING/ALIGNING PER RG,TAATGTGTCT.TATGCCTTAC.3,Insert length: standard deviation,115.13
MAPPING/ALIGNING PER RG,TAATGTGTCT.TATGCCTTAC.4,Total reads in RG,450424840,100.00
MAPPING/ALIGNING PER RG,TAATGTGTCT.TATGCCTTAC.4,Number of duplicate marked reads,59994042,13.32
MAPPING/ALIGNING PER RG,TAATGTGTCT.TATGCCTTAC.4,Number of duplicate marked and mate reads removed,NA
MAPPING/ALIGNING PER RG,TAATGTGTCT.TATGCCTTAC.4,Number of unique reads (excl. duplicate marked reads),390430798,86.68
MAPPING/ALIGNING PER RG,TAATGTGTCT.TATGCCTTAC.4,Reads with mate sequenced,450424840,100.00
MAPPING/ALIGNING PER RG,TAATGTGTCT.TATGCCTTAC.4,Reads without mate sequenced,0,0.00
MAPPING/ALIGNING PER RG,TAATGTGTCT.TATGCCTTAC.4,QC-failed reads,5716,0.00
MAPPING/ALIGNING PER RG,TAATGTGTCT.TATGCCTTAC.4,Mapped reads,447941826,99.45
MAPPING/ALIGNING PER RG,TAATGTGTCT.TATGCCTTAC.4,Mapped reads adjusted for filtered mapping,447941826,99.45
MAPPING/ALIGNING PER RG,TAATGTGTCT.TATGCCTTAC.4,Mapped reads R1,224470487,99.67
MAPPING/ALIGNING PER RG,TAATGTGTCT.TATGCCTTAC.4,Mapped reads R2,223471339,99.23
MAPPING/ALIGNING PER RG,TAATGTGTCT.TATGCCTTAC.4,Number of unique & mapped reads (excl. duplicate marked reads),387947784,86.13
MAPPING/ALIGNING PER RG,TAATGTGTCT.TATGCCTTAC.4,Unmapped reads,2483014,0.55
MAPPING/ALIGNING PER RG,TAATGTGTCT.TATGCCTTAC.4,Unmapped reads adjusted for filtered mapping,2483014,0.55
MAPPING/ALIGNING PER RG,TAATGTGTCT.TATGCCTTAC.4,Adjustment of reads matching non-reference decoys,0,0.00
MAPPING/ALIGNING PER RG,TAATGTGTCT.TATGCCTTAC.4,Adjustment of reads matching filter contigs,NA
MAPPING/ALIGNING PER RG,TAATGTGTCT.TATGCCTTAC.4,Singleton reads (itself mapped; mate unmapped),1341538,0.30
MAPPING/ALIGNING PER RG,TAATGTGTCT.TATGCCTTAC.4,Paired reads (itself & mate mapped),446600288,99.15
MAPPING/ALIGNING PER RG,TAATGTGTCT.TATGCCTTAC.4,Properly paired reads,443398500,98.44
MAPPING/ALIGNING PER RG,TAATGTGTCT.TATGCCTTAC.4,Not properly paired reads (discordant),3201788,0.71
MAPPING/ALIGNING PER RG,TAATGTGTCT.TATGCCTTAC.4,Paired reads mapped to different chromosomes,1456816,0.33
MAPPING/ALIGNING PER RG,TAATGTGTCT.TATGCCTTAC.4,Paired reads mapped to different chromosomes (MAPQ>=10),435180,0.10
MAPPING/ALIGNING PER RG,TAATGTGTCT.TATGCCTTAC.4,Reads with MAPQ [40:inf),412831260,91.65
MAPPING/ALIGNING PER RG,TAATGTGTCT.TATGCCTTAC.4,Reads with MAPQ [30:40),1757890,0.39
MAPPING/ALIGNING PER RG,TAATGTGTCT.TATGCCTTAC.4,Reads with MAPQ [20:30),3779662,0.84
MAPPING/ALIGNING PER RG,TAATGTGTCT.TATGCCTTAC.4,Reads with MAPQ [10:20),5030851,1.12
MAPPING/ALIGNING PER RG,TAATGTGTCT.TATGCCTTAC.4,Reads with MAPQ [ 0:10),24542163,5.45
MAPPING/ALIGNING PER RG,TAATGTGTCT.TATGCCTTAC.4,Reads with MAPQ NA (Unmapped reads),2483014,0.55
MAPPING/ALIGNING PER RG,TAATGTGTCT.TATGCCTTAC.4,Reads with indel R1,7859919,3.50
MAPPING/ALIGNING PER RG,TAATGTGTCT.TATGCCTTAC.4,Reads with indel R2,7486207,3.35
MAPPING/ALIGNING PER RG,TAATGTGTCT.TATGCCTTAC.4,Reads with splice junction,NA
MAPPING/ALIGNING PER RG,TAATGTGTCT.TATGCCTTAC.4,Total bases,66567823077
MAPPING/ALIGNING PER RG,TAATGTGTCT.TATGCCTTAC.4,Total bases R1,33289535773
MAPPING/ALIGNING PER RG,TAATGTGTCT.TATGCCTTAC.4,Total bases R2,33278287304
MAPPING/ALIGNING PER RG,TAATGTGTCT.TATGCCTTAC.4,Mapped bases,66195960948
MAPPING/ALIGNING PER RG,TAATGTGTCT.TATGCCTTAC.4,Mapped bases R1,33178756309
MAPPING/ALIGNING PER RG,TAATGTGTCT.TATGCCTTAC.4,Mapped bases R2,33017204639
MAPPING/ALIGNING PER RG,TAATGTGTCT.TATGCCTTAC.4,Soft-clipped bases,500716586,0.76
MAPPING/ALIGNING PER RG,TAATGTGTCT.TATGCCTTAC.4,Soft-clipped bases R1,205302951,0.62
MAPPING/ALIGNING PER RG,TAATGTGTCT.TATGCCTTAC.4,Soft-clipped bases R2,295413635,0.89
MAPPING/ALIGNING PER RG,TAATGTGTCT.TATGCCTTAC.4,Hard-clipped bases,0,0.00
MAPPING/ALIGNING PER RG,TAATGTGTCT.TATGCCTTAC.4,Hard-clipped bases R1,0,0.00
MAPPING/ALIGNING PER RG,TAATGTGTCT.TATGCCTTAC.4,Hard-clipped bases R2,0,0.00
MAPPING/ALIGNING PER RG,TAATGTGTCT.TATGCCTTAC.4,Mismatched bases R1,156963731,0.47
MAPPING/ALIGNING PER RG,TAATGTGTCT.TATGCCTTAC.4,Mismatched bases R2,165130448,0.50
MAPPING/ALIGNING PER RG,TAATGTGTCT.TATGCCTTAC.4,Mismatched bases R1 (excl. indels),130769747,0.39
MAPPING/ALIGNING PER RG,TAATGTGTCT.TATGCCTTAC.4,Mismatched bases R2 (excl. indels),140503311,0.43
MAPPING/ALIGNING PER RG,TAATGTGTCT.TATGCCTTAC.4,Q30 bases,62835770197,94.39
MAPPING/ALIGNING PER RG,TAATGTGTCT.TATGCCTTAC.4,Q30 bases R1,31552946784,94.78
MAPPING/ALIGNING PER RG,TAATGTGTCT.TATGCCTTAC.4,Q30 bases R2,31282823413,94.00
MAPPING/ALIGNING PER RG,TAATGTGTCT.TATGCCTTAC.4,Q30 bases (excl. dups & clipped bases),54483645886
MAPPING/ALIGNING PER RG,TAATGTGTCT.TATGCCTTAC.4,Total alignments,448478216
MAPPING/ALIGNING PER RG,TAATGTGTCT.TATGCCTTAC.4,Secondary alignments,0
MAPPING/ALIGNING PER RG,TAATGTGTCT.TATGCCTTAC.4,Supplementary (chimeric) alignments,536390
MAPPING/ALIGNING PER RG,TAATGTGTCT.TATGCCTTAC.4,Estimated read length,147.79
MAPPING/ALIGNING PER RG,TAATGTGTCT.TATGCCTTAC.4,Insert length: mean,290.12
MAPPING/ALIGNING PER RG,TAATGTGTCT.TATGCCTTAC.4,Insert length: median,287.00
MAPPING/ALIGNING PER RG,TAATGTGTCT.TATGCCTTAC.4,Insert length: standard deviation,108.15
MAPPING/ALIGNING PER RG,TAATGTGTCT.TATGCCTTAC.5,Total reads in RG,446457316,100.00
MAPPING/ALIGNING PER RG,TAATGTGTCT.TATGCCTTAC.5,Number of duplicate marked reads,59763221,13.39
MAPPING/ALIGNING PER RG,TAATGTGTCT.TATGCCTTAC.5,Number of duplicate marked and mate reads removed,NA
MAPPING/ALIGNING PER RG,TAATGTGTCT.TATGCCTTAC.5,Number of unique reads (excl. duplicate marked reads),386694095,86.61
MAPPING/ALIGNING PER RG,TAATGTGTCT.TATGCCTTAC.5,Reads with mate sequenced,446457316,100.00
MAPPING/ALIGNING PER RG,TAATGTGTCT.TATGCCTTAC.5,Reads without mate sequenced,0,0.00
MAPPING/ALIGNING PER RG,TAATGTGTCT.TATGCCTTAC.5,QC-failed reads,5616,0.00
MAPPING/ALIGNING PER RG,TAATGTGTCT.TATGCCTTAC.5,Mapped reads,443799136,99.40
MAPPING/ALIGNING PER RG,TAATGTGTCT.TATGCCTTAC.5,Mapped reads adjusted for filtered mapping,443799136,99.40
MAPPING/ALIGNING PER RG,TAATGTGTCT.TATGCCTTAC.5,Mapped reads R1,222494980,99.67
MAPPING/ALIGNING PER RG,TAATGTGTCT.TATGCCTTAC.5,Mapped reads R2,221304156,99.14
MAPPING/ALIGNING PER RG,TAATGTGTCT.TATGCCTTAC.5,Number of unique & mapped reads (excl. duplicate marked reads),384035915,86.02
MAPPING/ALIGNING PER RG,TAATGTGTCT.TATGCCTTAC.5,Unmapped reads,2658180,0.60
MAPPING/ALIGNING PER RG,TAATGTGTCT.TATGCCTTAC.5,Unmapped reads adjusted for filtered mapping,2658180,0.60
MAPPING/ALIGNING PER RG,TAATGTGTCT.TATGCCTTAC.5,Adjustment of reads matching non-reference decoys,0,0.00
MAPPING/ALIGNING PER RG,TAATGTGTCT.TATGCCTTAC.5,Adjustment of reads matching filter contigs,NA
MAPPING/ALIGNING PER RG,TAATGTGTCT.TATGCCTTAC.5,Singleton reads (itself mapped; mate unmapped),1531296,0.34
MAPPING/ALIGNING PER RG,TAATGTGTCT.TATGCCTTAC.5,Paired reads (itself & mate mapped),442267840,99.06
MAPPING/ALIGNING PER RG,TAATGTGTCT.TATGCCTTAC.5,Properly paired reads,438826224,98.29
MAPPING/ALIGNING PER RG,TAATGTGTCT.TATGCCTTAC.5,Not properly paired reads (discordant),3441616,0.77
MAPPING/ALIGNING PER RG,TAATGTGTCT.TATGCCTTAC.5,Paired reads mapped to different chromosomes,1762854,0.40
MAPPING/ALIGNING PER RG,TAATGTGTCT.TATGCCTTAC.5,Paired reads mapped to different chromosomes (MAPQ>=10),587879,0.13
MAPPING/ALIGNING PER RG,TAATGTGTCT.TATGCCTTAC.5,Reads with MAPQ [40:inf),408783933,91.56
MAPPING/ALIGNING PER RG,TAATGTGTCT.TATGCCTTAC.5,Reads with MAPQ [30:40),1754049,0.39
MAPPING/ALIGNING PER RG,TAATGTGTCT.TATGCCTTAC.5,Reads with MAPQ [20:30),3746292,0.84
MAPPING/ALIGNING PER RG,TAATGTGTCT.TATGCCTTAC.5,Reads with MAPQ [10:20),4998133,1.12
MAPPING/ALIGNING PER RG,TAATGTGTCT.TATGCCTTAC.5,Reads with MAPQ [ 0:10),24516729,5.49
MAPPING/ALIGNING PER RG,TAATGTGTCT.TATGCCTTAC.5,Reads with MAPQ NA (Unmapped reads),2658180,0.60
MAPPING/ALIGNING PER RG,TAATGTGTCT.TATGCCTTAC.5,Reads with indel R1,7770612,3.49
MAPPING/ALIGNING PER RG,TAATGTGTCT.TATGCCTTAC.5,Reads with indel R2,7375175,3.33
MAPPING/ALIGNING PER RG,TAATGTGTCT.TATGCCTTAC.5,Reads with splice junction,NA
MAPPING/ALIGNING PER RG,TAATGTGTCT.TATGCCTTAC.5,Total bases,65942016111
MAPPING/ALIGNING PER RG,TAATGTGTCT.TATGCCTTAC.5,Total bases R1,32974939062
MAPPING/ALIGNING PER RG,TAATGTGTCT.TATGCCTTAC.5,Total bases R2,32967077049
MAPPING/ALIGNING PER RG,TAATGTGTCT.TATGCCTTAC.5,Mapped bases,65543865437
MAPPING/ALIGNING PER RG,TAATGTGTCT.TATGCCTTAC.5,Mapped bases R1,32865494045
MAPPING/ALIGNING PER RG,TAATGTGTCT.TATGCCTTAC.5,Mapped bases R2,32678371392
MAPPING/ALIGNING PER RG,TAATGTGTCT.TATGCCTTAC.5,Soft-clipped bases,568861029,0.87
MAPPING/ALIGNING PER RG,TAATGTGTCT.TATGCCTTAC.5,Soft-clipped bases R1,209153391,0.64
MAPPING/ALIGNING PER RG,TAATGTGTCT.TATGCCTTAC.5,Soft-clipped bases R2,359707638,1.10
MAPPING/ALIGNING PER RG,TAATGTGTCT.TATGCCTTAC.5,Hard-clipped bases,0,0.00
MAPPING/ALIGNING PER RG,TAATGTGTCT.TATGCCTTAC.5,Hard-clipped bases R1,0,0.00
MAPPING/ALIGNING PER RG,TAATGTGTCT.TATGCCTTAC.5,Hard-clipped bases R2,0,0.00
MAPPING/ALIGNING PER RG,TAATGTGTCT.TATGCCTTAC.5,Mismatched bases R1,160646479,0.49
MAPPING/ALIGNING PER RG,TAATGTGTCT.TATGCCTTAC.5,Mismatched bases R2,178622884,0.55
MAPPING/ALIGNING PER RG,TAATGTGTCT.TATGCCTTAC.5,Mismatched bases R1 (excl. indels),134818243,0.41
MAPPING/ALIGNING PER RG,TAATGTGTCT.TATGCCTTAC.5,Mismatched bases R2 (excl. indels),154413435,0.47
MAPPING/ALIGNING PER RG,TAATGTGTCT.TATGCCTTAC.5,Q30 bases,61911903710,93.89
MAPPING/ALIGNING PER RG,TAATGTGTCT.TATGCCTTAC.5,Q30 bases R1,31185186267,94.57
MAPPING/ALIGNING PER RG,TAATGTGTCT.TATGCCTTAC.5,Q30 bases R2,30726717443,93.20
MAPPING/ALIGNING PER RG,TAATGTGTCT.TATGCCTTAC.5,Q30 bases (excl. dups & clipped bases),53628381063
MAPPING/ALIGNING PER RG,TAATGTGTCT.TATGCCTTAC.5,Total alignments,444330037
MAPPING/ALIGNING PER RG,TAATGTGTCT.TATGCCTTAC.5,Secondary alignments,0
MAPPING/ALIGNING PER RG,TAATGTGTCT.TATGCCTTAC.5,Supplementary (chimeric) alignments,530901
MAPPING/ALIGNING PER RG,TAATGTGTCT.TATGCCTTAC.5,Estimated read length,147.70
MAPPING/ALIGNING PER RG,TAATGTGTCT.TATGCCTTAC.5,Insert length: mean,288.05
MAPPING/ALIGNING PER RG,TAATGTGTCT.TATGCCTTAC.5,Insert length: median,285.00
MAPPING/ALIGNING PER RG,TAATGTGTCT.TATGCCTTAC.5,Insert length: standard deviation,108.18
MAPPING/ALIGNING PER RG,TAATGTGTCT.TATGCCTTAC.6,Total reads in RG,427093197,100.00
MAPPING/ALIGNING PER RG,TAATGTGTCT.TATGCCTTAC.6,Number of duplicate marked reads,46181657,10.81
MAPPING/ALIGNING PER RG,TAATGTGTCT.TATGCCTTAC.6,Number of duplicate marked and mate reads removed,NA
MAPPING/ALIGNING PER RG,TAATGTGTCT.TATGCCTTAC.6,Number of unique reads (excl. duplicate marked reads),380911540,89.19
MAPPING/ALIGNING PER RG,TAATGTGTCT.TATGCCTTAC.6,Reads with mate sequenced,427093197,100.00
MAPPING/ALIGNING PER RG,TAATGTGTCT.TATGCCTTAC.6,Reads without mate sequenced,0,0.00
MAPPING/ALIGNING PER RG,TAATGTGTCT.TATGCCTTAC.6,QC-failed reads,5355,0.00
MAPPING/ALIGNING PER RG,TAATGTGTCT.TATGCCTTAC.6,Mapped reads,424510381,99.40
MAPPING/ALIGNING PER RG,TAATGTGTCT.TATGCCTTAC.6,Mapped reads adjusted for filtered mapping,424510381,99.40
MAPPING/ALIGNING PER RG,TAATGTGTCT.TATGCCTTAC.6,Mapped reads R1,212773473,99.64
MAPPING/ALIGNING PER RG,TAATGTGTCT.TATGCCTTAC.6,Mapped reads R2,211736908,99.15
MAPPING/ALIGNING PER RG,TAATGTGTCT.TATGCCTTAC.6,Number of unique & mapped reads (excl. duplicate marked reads),378328724,88.58
MAPPING/ALIGNING PER RG,TAATGTGTCT.TATGCCTTAC.6,Unmapped reads,2582816,0.60
MAPPING/ALIGNING PER RG,TAATGTGTCT.TATGCCTTAC.6,Unmapped reads adjusted for filtered mapping,2582816,0.60
MAPPING/ALIGNING PER RG,TAATGTGTCT.TATGCCTTAC.6,Adjustment of reads matching non-reference decoys,0,0.00
MAPPING/ALIGNING PER RG,TAATGTGTCT.TATGCCTTAC.6,Adjustment of reads matching filter contigs,NA
MAPPING/ALIGNING PER RG,TAATGTGTCT.TATGCCTTAC.6,Singleton reads (itself mapped; mate unmapped),1397813,0.33
MAPPING/ALIGNING PER RG,TAATGTGTCT.TATGCCTTAC.6,Paired reads (itself & mate mapped),423112568,99.07
MAPPING/ALIGNING PER RG,TAATGTGTCT.TATGCCTTAC.6,Properly paired reads,419979364,98.33
MAPPING/ALIGNING PER RG,TAATGTGTCT.TATGCCTTAC.6,Not properly paired reads (discordant),3133204,0.73
MAPPING/ALIGNING PER RG,TAATGTGTCT.TATGCCTTAC.6,Paired reads mapped to different chromosomes,1587730,0.38
MAPPING/ALIGNING PER RG,TAATGTGTCT.TATGCCTTAC.6,Paired reads mapped to different chromosomes (MAPQ>=10),517637,0.12
MAPPING/ALIGNING PER RG,TAATGTGTCT.TATGCCTTAC.6,Reads with MAPQ [40:inf),390836776,91.51
MAPPING/ALIGNING PER RG,TAATGTGTCT.TATGCCTTAC.6,Reads with MAPQ [30:40),1717321,0.40
MAPPING/ALIGNING PER RG,TAATGTGTCT.TATGCCTTAC.6,Reads with MAPQ [20:30),3626459,0.85
MAPPING/ALIGNING PER RG,TAATGTGTCT.TATGCCTTAC.6,Reads with MAPQ [10:20),4724513,1.11
MAPPING/ALIGNING PER RG,TAATGTGTCT.TATGCCTTAC.6,Reads with MAPQ [ 0:10),23605312,5.53
MAPPING/ALIGNING PER RG,TAATGTGTCT.TATGCCTTAC.6,Reads with MAPQ NA (Unmapped reads),2582816,0.60
MAPPING/ALIGNING PER RG,TAATGTGTCT.TATGCCTTAC.6,Reads with indel R1,7379961,3.47
MAPPING/ALIGNING PER RG,TAATGTGTCT.TATGCCTTAC.6,Reads with indel R2,7005949,3.31
MAPPING/ALIGNING PER RG,TAATGTGTCT.TATGCCTTAC.6,Reads with splice junction,NA
MAPPING/ALIGNING PER RG,TAATGTGTCT.TATGCCTTAC.6,Total bases,62839744958
MAPPING/ALIGNING PER RG,TAATGTGTCT.TATGCCTTAC.6,Total bases R1,31423426871
MAPPING/ALIGNING PER RG,TAATGTGTCT.TATGCCTTAC.6,Total bases R2,31416318087
MAPPING/ALIGNING PER RG,TAATGTGTCT.TATGCCTTAC.6,Mapped bases,62453468262
MAPPING/ALIGNING PER RG,TAATGTGTCT.TATGCCTTAC.6,Mapped bases R1,31308298942
MAPPING/ALIGNING PER RG,TAATGTGTCT.TATGCCTTAC.6,Mapped bases R2,31145169320
MAPPING/ALIGNING PER RG,TAATGTGTCT.TATGCCTTAC.6,Soft-clipped bases,545446956,0.87
MAPPING/ALIGNING PER RG,TAATGTGTCT.TATGCCTTAC.6,Soft-clipped bases R1,205832556,0.66
MAPPING/ALIGNING PER RG,TAATGTGTCT.TATGCCTTAC.6,Soft-clipped bases R2,339614400,1.09
MAPPING/ALIGNING PER RG,TAATGTGTCT.TATGCCTTAC.6,Hard-clipped bases,0,0.00
MAPPING/ALIGNING PER RG,TAATGTGTCT.TATGCCTTAC.6,Hard-clipped bases R1,0,0.00
MAPPING/ALIGNING PER RG,TAATGTGTCT.TATGCCTTAC.6,Hard-clipped bases R2,0,0.00
MAPPING/ALIGNING PER RG,TAATGTGTCT.TATGCCTTAC.6,Mismatched bases R1,168012884,0.54
MAPPING/ALIGNING PER RG,TAATGTGTCT.TATGCCTTAC.6,Mismatched bases R2,179511269,0.58
MAPPING/ALIGNING PER RG,TAATGTGTCT.TATGCCTTAC.6,Mismatched bases R1 (excl. indels),143448263,0.46
MAPPING/ALIGNING PER RG,TAATGTGTCT.TATGCCTTAC.6,Mismatched bases R2 (excl. indels),156472173,0.50
MAPPING/ALIGNING PER RG,TAATGTGTCT.TATGCCTTAC.6,Q30 bases,58670061541,93.36
MAPPING/ALIGNING PER RG,TAATGTGTCT.TATGCCTTAC.6,Q30 bases R1,29490788286,93.85
MAPPING/ALIGNING PER RG,TAATGTGTCT.TATGCCTTAC.6,Q30 bases R2,29179273255,92.88
MAPPING/ALIGNING PER RG,TAATGTGTCT.TATGCCTTAC.6,Q30 bases (excl. dups & clipped bases),52330902315
MAPPING/ALIGNING PER RG,TAATGTGTCT.TATGCCTTAC.6,Total alignments,425009765
MAPPING/ALIGNING PER RG,TAATGTGTCT.TATGCCTTAC.6,Secondary alignments,0
MAPPING/ALIGNING PER RG,TAATGTGTCT.TATGCCTTAC.6,Supplementary (chimeric) alignments,499384
MAPPING/ALIGNING PER RG,TAATGTGTCT.TATGCCTTAC.6,Estimated read length,147.13
MAPPING/ALIGNING PER RG,TAATGTGTCT.TATGCCTTAC.6,Insert length: mean,280.49
MAPPING/ALIGNING PER RG,TAATGTGTCT.TATGCCTTAC.6,Insert length: median,279.00
MAPPING/ALIGNING PER RG,TAATGTGTCT.TATGCCTTAC.6,Insert length: standard deviation,106.22
MAPPING/ALIGNING PER RG,TAATGTGTCT.TATGCCTTAC.7,Total reads in RG,444693788,100.00
MAPPING/ALIGNING PER RG,TAATGTGTCT.TATGCCTTAC.7,Number of duplicate marked reads,57934863,13.03
MAPPING/ALIGNING PER RG,TAATGTGTCT.TATGCCTTAC.7,Number of duplicate marked and mate reads removed,NA
MAPPING/ALIGNING PER RG,TAATGTGTCT.TATGCCTTAC.7,Number of unique reads (excl. duplicate marked reads),386758925,86.97
MAPPING/ALIGNING PER RG,TAATGTGTCT.TATGCCTTAC.7,Reads with mate sequenced,444693788,100.00
MAPPING/ALIGNING PER RG,TAATGTGTCT.TATGCCTTAC.7,Reads without mate sequenced,0,0.00
MAPPING/ALIGNING PER RG,TAATGTGTCT.TATGCCTTAC.7,QC-failed reads,5436,0.00
MAPPING/ALIGNING PER RG,TAATGTGTCT.TATGCCTTAC.7,Mapped reads,442091489,99.41
MAPPING/ALIGNING PER RG,TAATGTGTCT.TATGCCTTAC.7,Mapped reads adjusted for filtered mapping,442091489,99.41
MAPPING/ALIGNING PER RG,TAATGTGTCT.TATGCCTTAC.7,Mapped reads R1,221612126,99.67
MAPPING/ALIGNING PER RG,TAATGTGTCT.TATGCCTTAC.7,Mapped reads R2,220479363,99.16
MAPPING/ALIGNING PER RG,TAATGTGTCT.TATGCCTTAC.7,Number of unique & mapped reads (excl. duplicate marked reads),384156626,86.39
MAPPING/ALIGNING PER RG,TAATGTGTCT.TATGCCTTAC.7,Unmapped reads,2602299,0.59
MAPPING/ALIGNING PER RG,TAATGTGTCT.TATGCCTTAC.7,Unmapped reads adjusted for filtered mapping,2602299,0.59
MAPPING/ALIGNING PER RG,TAATGTGTCT.TATGCCTTAC.7,Adjustment of reads matching non-reference decoys,0,0.00
MAPPING/ALIGNING PER RG,TAATGTGTCT.TATGCCTTAC.7,Adjustment of reads matching filter contigs,NA
MAPPING/ALIGNING PER RG,TAATGTGTCT.TATGCCTTAC.7,Singleton reads (itself mapped; mate unmapped),1479797,0.33
MAPPING/ALIGNING PER RG,TAATGTGTCT.TATGCCTTAC.7,Paired reads (itself & mate mapped),440611692,99.08
MAPPING/ALIGNING PER RG,TAATGTGTCT.TATGCCTTAC.7,Properly paired reads,437343602,98.35
MAPPING/ALIGNING PER RG,TAATGTGTCT.TATGCCTTAC.7,Not properly paired reads (discordant),3268090,0.73
MAPPING/ALIGNING PER RG,TAATGTGTCT.TATGCCTTAC.7,Paired reads mapped to different chromosomes,1740094,0.39
MAPPING/ALIGNING PER RG,TAATGTGTCT.TATGCCTTAC.7,Paired reads mapped to different chromosomes (MAPQ>=10),581078,0.13
MAPPING/ALIGNING PER RG,TAATGTGTCT.TATGCCTTAC.7,Reads with MAPQ [40:inf),407211407,91.57
MAPPING/ALIGNING PER RG,TAATGTGTCT.TATGCCTTAC.7,Reads with MAPQ [30:40),1744117,0.39
MAPPING/ALIGNING PER RG,TAATGTGTCT.TATGCCTTAC.7,Reads with MAPQ [20:30),3749043,0.84
MAPPING/ALIGNING PER RG,TAATGTGTCT.TATGCCTTAC.7,Reads with MAPQ [10:20),4978894,1.12
MAPPING/ALIGNING PER RG,TAATGTGTCT.TATGCCTTAC.7,Reads with MAPQ [ 0:10),24408028,5.49
MAPPING/ALIGNING PER RG,TAATGTGTCT.TATGCCTTAC.7,Reads with MAPQ NA (Unmapped reads),2602299,0.59
MAPPING/ALIGNING PER RG,TAATGTGTCT.TATGCCTTAC.7,Reads with indel R1,7755971,3.50
MAPPING/ALIGNING PER RG,TAATGTGTCT.TATGCCTTAC.7,Reads with indel R2,7356989,3.34
MAPPING/ALIGNING PER RG,TAATGTGTCT.TATGCCTTAC.7,Reads with splice junction,NA
MAPPING/ALIGNING PER RG,TAATGTGTCT.TATGCCTTAC.7,Total bases,65658114472
MAPPING/ALIGNING PER RG,TAATGTGTCT.TATGCCTTAC.7,Total bases R1,32832856417
MAPPING/ALIGNING PER RG,TAATGTGTCT.TATGCCTTAC.7,Total bases R2,32825258055
MAPPING/ALIGNING PER RG,TAATGTGTCT.TATGCCTTAC.7,Mapped bases,65268414778
MAPPING/ALIGNING PER RG,TAATGTGTCT.TATGCCTTAC.7,Mapped bases R1,32723270894
MAPPING/ALIGNING PER RG,TAATGTGTCT.TATGCCTTAC.7,Mapped bases R2,32545143884
MAPPING/ALIGNING PER RG,TAATGTGTCT.TATGCCTTAC.7,Soft-clipped bases,563060168,0.86
MAPPING/ALIGNING PER RG,TAATGTGTCT.TATGCCTTAC.7,Soft-clipped bases R1,206825852,0.63
MAPPING/ALIGNING PER RG,TAATGTGTCT.TATGCCTTAC.7,Soft-clipped bases R2,356234316,1.09
MAPPING/ALIGNING PER RG,TAATGTGTCT.TATGCCTTAC.7,Hard-clipped bases,0,0.00
MAPPING/ALIGNING PER RG,TAATGTGTCT.TATGCCTTAC.7,Hard-clipped bases R1,0,0.00
MAPPING/ALIGNING PER RG,TAATGTGTCT.TATGCCTTAC.7,Hard-clipped bases R2,0,0.00
MAPPING/ALIGNING PER RG,TAATGTGTCT.TATGCCTTAC.7,Mismatched bases R1,166103043,0.51
MAPPING/ALIGNING PER RG,TAATGTGTCT.TATGCCTTAC.7,Mismatched bases R2,180948784,0.56
MAPPING/ALIGNING PER RG,TAATGTGTCT.TATGCCTTAC.7,Mismatched bases R1 (excl. indels),140297926,0.43
MAPPING/ALIGNING PER RG,TAATGTGTCT.TATGCCTTAC.7,Mismatched bases R2 (excl. indels),156777598,0.48
MAPPING/ALIGNING PER RG,TAATGTGTCT.TATGCCTTAC.7,Q30 bases,61685966802,93.95
MAPPING/ALIGNING PER RG,TAATGTGTCT.TATGCCTTAC.7,Q30 bases R1,31055804739,94.59
MAPPING/ALIGNING PER RG,TAATGTGTCT.TATGCCTTAC.7,Q30 bases R2,30630162063,93.31
MAPPING/ALIGNING PER RG,TAATGTGTCT.TATGCCTTAC.7,Q30 bases (excl. dups & clipped bases),53643788102
MAPPING/ALIGNING PER RG,TAATGTGTCT.TATGCCTTAC.7,Total alignments,442621666
MAPPING/ALIGNING PER RG,TAATGTGTCT.TATGCCTTAC.7,Secondary alignments,0
MAPPING/ALIGNING PER RG,TAATGTGTCT.TATGCCTTAC.7,Supplementary (chimeric) alignments,530177
MAPPING/ALIGNING PER RG,TAATGTGTCT.TATGCCTTAC.7,Estimated read length,147.65
MAPPING/ALIGNING PER RG,TAATGTGTCT.TATGCCTTAC.7,Insert length: mean,291.99
MAPPING/ALIGNING PER RG,TAATGTGTCT.TATGCCTTAC.7,Insert length: median,289.00
MAPPING/ALIGNING PER RG,TAATGTGTCT.TATGCCTTAC.7,Insert length: standard deviation,109.56
MAPPING/ALIGNING PER RG,TAATGTGTCT.TATGCCTTAC.8,Total reads in RG,139711334,100.00
MAPPING/ALIGNING PER RG,TAATGTGTCT.TATGCCTTAC.8,Number of duplicate marked reads,15701912,11.24
MAPPING/ALIGNING PER RG,TAATGTGTCT.TATGCCTTAC.8,Number of duplicate marked and mate reads removed,NA
MAPPING/ALIGNING PER RG,TAATGTGTCT.TATGCCTTAC.8,Number of unique reads (excl. duplicate marked reads),124009422,88.76
MAPPING/ALIGNING PER RG,TAATGTGTCT.TATGCCTTAC.8,Reads with mate sequenced,139711334,100.00
MAPPING/ALIGNING PER RG,TAATGTGTCT.TATGCCTTAC.8,Reads without mate sequenced,0,0.00
MAPPING/ALIGNING PER RG,TAATGTGTCT.TATGCCTTAC.8,QC-failed reads,1626,0.00
MAPPING/ALIGNING PER RG,TAATGTGTCT.TATGCCTTAC.8,Mapped reads,139221267,99.65
MAPPING/ALIGNING PER RG,TAATGTGTCT.TATGCCTTAC.8,Mapped reads adjusted for filtered mapping,139221267,99.65
MAPPING/ALIGNING PER RG,TAATGTGTCT.TATGCCTTAC.8,Mapped reads R1,69739117,99.83
MAPPING/ALIGNING PER RG,TAATGTGTCT.TATGCCTTAC.8,Mapped reads R2,69482150,99.47
MAPPING/ALIGNING PER RG,TAATGTGTCT.TATGCCTTAC.8,Number of unique & mapped reads (excl. duplicate marked reads),123519355,88.41
MAPPING/ALIGNING PER RG,TAATGTGTCT.TATGCCTTAC.8,Unmapped reads,490067,0.35
MAPPING/ALIGNING PER RG,TAATGTGTCT.TATGCCTTAC.8,Unmapped reads adjusted for filtered mapping,490067,0.35
MAPPING/ALIGNING PER RG,TAATGTGTCT.TATGCCTTAC.8,Adjustment of reads matching non-reference decoys,0,0.00
MAPPING/ALIGNING PER RG,TAATGTGTCT.TATGCCTTAC.8,Adjustment of reads matching filter contigs,NA
MAPPING/ALIGNING PER RG,TAATGTGTCT.TATGCCTTAC.8,Singleton reads (itself mapped; mate unmapped),335433,0.24
MAPPING/ALIGNING PER RG,TAATGTGTCT.TATGCCTTAC.8,Paired reads (itself & mate mapped),138885834,99.41
MAPPING/ALIGNING PER RG,TAATGTGTCT.TATGCCTTAC.8,Properly paired reads,137926918,98.72
MAPPING/ALIGNING PER RG,TAATGTGTCT.TATGCCTTAC.8,Not properly paired reads (discordant),958916,0.69
MAPPING/ALIGNING PER RG,TAATGTGTCT.TATGCCTTAC.8,Paired reads mapped to different chromosomes,504424,0.36
MAPPING/ALIGNING PER RG,TAATGTGTCT.TATGCCTTAC.8,Paired reads mapped to different chromosomes (MAPQ>=10),164858,0.12
MAPPING/ALIGNING PER RG,TAATGTGTCT.TATGCCTTAC.8,Reads with MAPQ [40:inf),128263727,91.81
MAPPING/ALIGNING PER RG,TAATGTGTCT.TATGCCTTAC.8,Reads with MAPQ [30:40),555050,0.40
MAPPING/ALIGNING PER RG,TAATGTGTCT.TATGCCTTAC.8,Reads with MAPQ [20:30),1183759,0.85
MAPPING/ALIGNING PER RG,TAATGTGTCT.TATGCCTTAC.8,Reads with MAPQ [10:20),1555473,1.11
MAPPING/ALIGNING PER RG,TAATGTGTCT.TATGCCTTAC.8,Reads with MAPQ [ 0:10),7663258,5.49
MAPPING/ALIGNING PER RG,TAATGTGTCT.TATGCCTTAC.8,Reads with MAPQ NA (Unmapped reads),490067,0.35
MAPPING/ALIGNING PER RG,TAATGTGTCT.TATGCCTTAC.8,Reads with indel R1,2442202,3.50
MAPPING/ALIGNING PER RG,TAATGTGTCT.TATGCCTTAC.8,Reads with indel R2,2322001,3.34
MAPPING/ALIGNING PER RG,TAATGTGTCT.TATGCCTTAC.8,Reads with splice junction,NA
MAPPING/ALIGNING PER RG,TAATGTGTCT.TATGCCTTAC.8,Total bases,20580850234
MAPPING/ALIGNING PER RG,TAATGTGTCT.TATGCCTTAC.8,Total bases R1,10291710984
MAPPING/ALIGNING PER RG,TAATGTGTCT.TATGCCTTAC.8,Total bases R2,10289139250
MAPPING/ALIGNING PER RG,TAATGTGTCT.TATGCCTTAC.8,Mapped bases,20507876867
MAPPING/ALIGNING PER RG,TAATGTGTCT.TATGCCTTAC.8,Mapped bases R1,10274561089
MAPPING/ALIGNING PER RG,TAATGTGTCT.TATGCCTTAC.8,Mapped bases R2,10233315778
MAPPING/ALIGNING PER RG,TAATGTGTCT.TATGCCTTAC.8,Soft-clipped bases,163025190,0.79
MAPPING/ALIGNING PER RG,TAATGTGTCT.TATGCCTTAC.8,Soft-clipped bases R1,62651360,0.61
MAPPING/ALIGNING PER RG,TAATGTGTCT.TATGCCTTAC.8,Soft-clipped bases R2,100373830,0.98
MAPPING/ALIGNING PER RG,TAATGTGTCT.TATGCCTTAC.8,Hard-clipped bases,0,0.00
MAPPING/ALIGNING PER RG,TAATGTGTCT.TATGCCTTAC.8,Hard-clipped bases R1,0,0.00
MAPPING/ALIGNING PER RG,TAATGTGTCT.TATGCCTTAC.8,Hard-clipped bases R2,0,0.00
MAPPING/ALIGNING PER RG,TAATGTGTCT.TATGCCTTAC.8,Mismatched bases R1,50088712,0.49
MAPPING/ALIGNING PER RG,TAATGTGTCT.TATGCCTTAC.8,Mismatched bases R2,51933232,0.51
MAPPING/ALIGNING PER RG,TAATGTGTCT.TATGCCTTAC.8,Mismatched bases R1 (excl. indels),41965016,0.41
MAPPING/ALIGNING PER RG,TAATGTGTCT.TATGCCTTAC.8,Mismatched bases R2 (excl. indels),44315315,0.43
MAPPING/ALIGNING PER RG,TAATGTGTCT.TATGCCTTAC.8,Q30 bases,19426829142,94.39
MAPPING/ALIGNING PER RG,TAATGTGTCT.TATGCCTTAC.8,Q30 bases R1,9741327173,94.65
MAPPING/ALIGNING PER RG,TAATGTGTCT.TATGCCTTAC.8,Q30 bases R2,9685501969,94.13
MAPPING/ALIGNING PER RG,TAATGTGTCT.TATGCCTTAC.8,Q30 bases (excl. dups & clipped bases),17241398005
MAPPING/ALIGNING PER RG,TAATGTGTCT.TATGCCTTAC.8,Total alignments,139386334
MAPPING/ALIGNING PER RG,TAATGTGTCT.TATGCCTTAC.8,Secondary alignments,0
MAPPING/ALIGNING PER RG,TAATGTGTCT.TATGCCTTAC.8,Supplementary (chimeric) alignments,165067
MAPPING/ALIGNING PER RG,TAATGTGTCT.TATGCCTTAC.8,Estimated read length,147.31
MAPPING/ALIGNING PER RG,TAATGTGTCT.TATGCCTTAC.8,Insert length: mean,286.19
MAPPING/ALIGNING PER RG,TAATGTGTCT.TATGCCTTAC.8,Insert length: median,283.00
MAPPING/ALIGNING PER RG,TAATGTGTCT.TATGCCTTAC.8,Insert length: standard deviation,108.51
